customer_id,sesso,et√†,data_iscrizione,tipo_abbonamento,prezzo_abbonamento,ultima_presenza,media_presenze_sett,giorni_da_ultima_presenza,churn
CUST0000,M,56,2023-07-29,trimestrale,80,2025-05-10,1.88,43,0
CUST0001,M,38,2025-01-06,trimestrale,80,2025-06-16,2.19,6,0
CUST0002,M,36,2024-05-28,trimestrale,80,2025-02-23,0.0,119,1
CUST0003,M,57,2023-08-06,mensile,30,2025-06-20,2.25,2,0
CUST0004,M,39,2024-11-04,trimestrale,80,2025-06-06,1.66,16,0
CUST0005,F,19,2024-02-08,mensile,30,2025-05-18,1.58,35,0
CUST0006,M,50,2024-01-06,trimestrale,80,2025-03-12,0.0,102,1
CUST0007,F,44,2023-11-23,mensile,30,2025-06-13,2.98,9,0
CUST0008,F,45,2023-08-19,mensile,30,2025-06-07,2.37,15,0
CUST0009,F,61,2023-07-24,annuale,280,2025-06-03,2.42,19,0
CUST0010,M,20,2023-09-25,trimestrale,80,2025-05-02,0.69,51,0
CUST0011,F,56,2024-07-17,mensile,30,2025-04-21,0.61,62,1
CUST0012,F,21,2024-06-04,trimestrale,80,2025-06-09,2.2,13,0
CUST0013,M,19,2025-04-12,trimestrale,80,2025-05-19,2.16,34,1
CUST0014,M,45,2024-03-26,annuale,280,2025-03-10,0.5,104,1
CUST0015,F,64,2024-04-12,trimestrale,80,2025-06-20,1.97,2,0
CUST0016,F,31,2023-07-22,mensile,30,2025-06-06,2.91,16,0
CUST0017,M,19,2023-10-10,trimestrale,80,2025-06-02,0.65,20,0
CUST0018,M,59,2025-04-13,mensile,30,2025-06-04,1.65,18,0
CUST0019,M,32,2024-07-30,trimestrale,80,2025-02-26,0.76,116,1
CUST0020,M,31,2023-10-19,mensile,30,2025-03-08,0.2,106,1
CUST0021,F,35,2024-10-13,mensile,30,2025-06-08,1.71,14,0
CUST0022,F,41,2023-12-14,mensile,30,2025-06-10,2.66,12,0
CUST0023,F,18,2023-12-03,mensile,30,2025-06-16,2.31,6,0
CUST0024,F,26,2023-11-04,trimestrale,80,2025-06-22,2.79,0,0
CUST0025,F,52,2024-05-31,mensile,30,2025-06-20,2.94,2,0
CUST0026,M,50,2024-07-19,trimestrale,80,2025-05-04,0.56,49,1
CUST0027,M,45,2023-11-22,annuale,280,2025-06-16,2.8,6,0
CUST0028,M,26,2024-05-21,trimestrale,80,2025-06-15,2.05,7,0
CUST0029,M,40,2024-10-08,mensile,30,2025-06-18,2.44,4,0
CUST0030,F,52,2024-02-09,trimestrale,80,2025-04-25,2.08,58,1
CUST0031,M,18,2025-03-06,trimestrale,80,2025-03-23,0.59,91,1
CUST0032,F,31,2023-07-09,trimestrale,80,2025-06-20,2.68,2,0
CUST0033,F,31,2024-03-03,mensile,30,2025-06-16,3.27,6,0
CUST0034,F,44,2024-11-30,annuale,280,2025-06-14,2.19,8,0
CUST0035,M,30,2024-09-06,annuale,280,2025-05-07,1.73,46,0
CUST0036,M,56,2025-01-16,mensile,30,2025-05-07,0.95,46,1
CUST0037,M,56,2025-01-06,trimestrale,80,2025-04-24,1.8,59,0
CUST0038,F,32,2024-05-13,annuale,280,2025-06-12,3.31,10,0
CUST0039,F,45,2023-07-22,mensile,30,2025-03-04,0.75,110,1
CUST0040,M,59,2024-10-24,mensile,30,2025-06-10,2.19,12,0
CUST0041,M,45,2023-12-31,annuale,280,2025-06-11,2.34,11,0
CUST0042,M,61,2023-08-15,mensile,30,2025-05-19,1.57,34,0
CUST0043,F,45,2025-03-02,trimestrale,80,2025-05-14,2.18,39,1
CUST0044,M,56,2024-09-06,trimestrale,80,2025-03-08,0.42,106,1
CUST0045,F,30,2024-02-10,mensile,30,2025-06-14,2.32,8,0
CUST0046,M,20,2023-08-03,mensile,30,2025-04-30,1.59,53,0
CUST0047,M,54,2024-05-05,trimestrale,80,2025-06-22,1.88,0,0
CUST0048,M,59,2025-01-14,mensile,30,2025-06-11,2.17,11,0
CUST0049,F,49,2025-01-09,mensile,30,2025-03-18,0.35,96,1
CUST0050,F,29,2025-03-30,mensile,30,2025-06-16,1.54,6,0
CUST0051,F,34,2025-01-20,mensile,30,2025-06-06,2.49,16,0
CUST0052,F,19,2024-02-27,mensile,30,2025-06-21,2.28,1,0
CUST0053,F,49,2024-03-20,mensile,30,2025-06-22,2.46,0,0
CUST0054,M,18,2025-01-05,trimestrale,80,2025-06-04,2.67,18,0
CUST0055,M,43,2024-12-15,mensile,30,2025-04-07,1.09,76,1
CUST0056,M,23,2024-10-03,mensile,30,2025-05-07,0.97,46,0
CUST0057,F,34,2025-03-13,mensile,30,2025-06-17,2.58,5,0
CUST0058,M,41,2024-09-20,mensile,30,2025-06-18,3.2,4,0
CUST0059,M,28,2023-12-05,mensile,30,2025-04-23,0.92,60,1
CUST0060,M,50,2024-01-18,annuale,280,2025-02-25,0.2,117,1
CUST0061,M,46,2024-03-12,mensile,30,2025-05-06,0.33,47,1
CUST0062,M,37,2025-02-08,annuale,280,2025-06-19,2.5,3,0
CUST0063,M,36,2024-08-10,mensile,30,2025-04-19,0.39,64,1
CUST0064,F,49,2024-11-23,annuale,280,2025-02-27,0.66,115,1
CUST0065,F,56,2024-11-14,mensile,30,2025-05-21,0.86,32,1
CUST0066,F,57,2024-02-25,mensile,30,2025-05-08,0.85,45,1
CUST0067,M,40,2023-08-31,trimestrale,80,2025-06-13,2.94,9,0
CUST0068,F,52,2024-11-08,mensile,30,2025-06-01,2.23,21,0
CUST0069,M,19,2023-10-30,mensile,30,2025-06-07,1.87,15,0
CUST0070,M,29,2025-04-19,trimestrale,80,2025-03-01,0.58,113,1
CUST0071,M,26,2025-03-06,mensile,30,2025-04-28,2.05,55,1
CUST0072,M,52,2023-12-18,trimestrale,80,2025-05-20,1.87,33,0
CUST0073,F,41,2025-04-10,annuale,280,2025-05-06,1.71,47,0
CUST0074,M,41,2025-03-19,mensile,30,2025-05-28,2.1,25,0
CUST0075,F,42,2023-07-24,mensile,30,2025-05-04,2.75,49,1
CUST0076,F,42,2024-03-26,trimestrale,80,2025-06-05,2.59,17,0
CUST0077,M,52,2023-09-28,mensile,30,2025-05-23,0.65,30,0
CUST0078,F,58,2024-11-06,annuale,280,2025-06-19,2.01,3,0
CUST0079,F,38,2023-07-25,mensile,30,2025-03-22,0.74,92,1
CUST0080,F,37,2024-11-03,trimestrale,80,2025-06-15,2.71,7,0
CUST0081,M,50,2023-09-05,trimestrale,80,2025-03-22,0.78,92,1
CUST0082,M,29,2024-03-04,annuale,280,2025-05-17,0.88,36,0
CUST0083,M,55,2024-04-16,trimestrale,80,2025-06-17,2.09,5,0
CUST0084,F,62,2025-03-28,trimestrale,80,2025-06-04,2.64,18,0
CUST0085,M,51,2024-09-02,trimestrale,80,2025-05-18,2.08,35,1
CUST0086,F,47,2023-12-14,annuale,280,2025-05-06,1.31,47,1
CUST0087,F,22,2023-09-30,annuale,280,2025-06-07,3.86,15,0
CUST0088,F,36,2025-02-14,trimestrale,80,2025-06-19,2.52,3,0
CUST0089,F,34,2024-05-10,mensile,30,2025-04-25,1.4,58,0
CUST0090,M,45,2024-06-19,mensile,30,2025-05-09,1.41,44,1
CUST0091,M,48,2024-07-24,trimestrale,80,2025-05-04,2.02,49,1
CUST0092,M,50,2024-02-17,mensile,30,2025-05-18,1.07,35,0
CUST0093,M,20,2024-05-11,annuale,280,2025-06-05,2.09,17,0
CUST0094,M,42,2024-07-15,trimestrale,80,2025-06-13,2.59,9,0
CUST0095,F,57,2024-05-31,annuale,280,2025-06-09,2.69,13,0
CUST0096,M,41,2024-08-22,annuale,280,2025-05-07,0.7,46,1
CUST0097,F,44,2023-08-08,mensile,30,2025-05-07,0.92,46,1
CUST0098,F,43,2025-01-11,trimestrale,80,2025-05-22,1.81,31,0
CUST0099,M,59,2023-07-06,mensile,30,2025-05-13,2.75,40,1
CUST0100,M,52,2024-01-06,annuale,280,2025-06-05,2.76,17,0
CUST0101,F,62,2024-09-24,mensile,30,2025-06-03,4.43,19,0
CUST0102,M,18,2024-11-19,mensile,30,2025-05-01,0.79,52,1
CUST0103,F,29,2023-12-17,mensile,30,2025-05-16,1.96,37,1
CUST0104,F,32,2025-04-04,mensile,30,2025-03-04,1.07,110,1
CUST0105,F,42,2023-12-15,annuale,280,2025-05-17,1.03,36,0
CUST0106,M,39,2024-10-15,trimestrale,80,2025-03-21,0.23,93,1
CUST0107,M,50,2025-03-12,mensile,30,2025-05-01,0.4,52,1
CUST0108,F,61,2024-03-12,mensile,30,2025-06-11,2.13,11,0
CUST0109,M,62,2024-10-12,mensile,30,2025-03-23,0.56,91,1
CUST0110,F,52,2024-03-17,mensile,30,2025-04-29,0.08,54,0
CUST0111,M,34,2024-08-07,mensile,30,2025-05-20,1.63,33,0
CUST0112,F,45,2025-03-31,trimestrale,80,2025-05-13,1.85,40,1
CUST0113,F,18,2024-06-22,trimestrale,80,2025-06-22,2.93,0,0
CUST0114,F,64,2023-11-30,mensile,30,2025-05-05,1.28,48,0
CUST0115,F,42,2024-11-28,trimestrale,80,2025-06-15,2.4,7,0
CUST0116,M,62,2023-08-19,trimestrale,80,2025-06-22,3.56,0,0
CUST0117,M,20,2024-06-27,mensile,30,2025-06-11,3.02,11,0
CUST0118,F,43,2023-11-02,mensile,30,2025-06-07,2.16,15,0
CUST0119,M,64,2023-07-21,trimestrale,80,2025-06-06,2.37,16,0
CUST0120,M,47,2023-08-07,trimestrale,80,2025-06-03,0.85,19,0
CUST0121,F,38,2024-06-19,mensile,30,2025-04-30,1.46,53,1
CUST0122,F,53,2024-12-29,mensile,30,2025-06-22,3.56,0,0
CUST0123,M,27,2023-08-08,mensile,30,2025-06-18,2.25,4,0
CUST0124,M,53,2024-04-16,mensile,30,2025-04-05,0.5,78,1
CUST0125,M,22,2024-06-23,trimestrale,80,2025-05-05,0.73,48,1
CUST0126,F,33,2024-07-08,mensile,30,2025-06-07,2.4,15,0
CUST0127,M,49,2024-03-31,annuale,280,2025-05-12,1.54,41,1
CUST0128,F,37,2024-04-14,mensile,30,2025-04-15,0.72,68,1
CUST0129,F,50,2025-04-13,mensile,30,2025-04-06,1.04,77,1
CUST0130,M,60,2024-09-24,mensile,30,2025-06-18,3.07,4,0
CUST0131,F,57,2025-04-01,annuale,280,2025-02-24,0.63,118,1
CUST0132,F,60,2023-08-25,annuale,280,2025-03-26,0.24,88,1
CUST0133,M,63,2024-04-26,trimestrale,80,2025-06-06,1.01,16,0
CUST0134,M,52,2023-10-10,annuale,280,2025-06-06,1.92,16,0
CUST0135,F,27,2024-07-28,trimestrale,80,2025-06-21,3.29,1,0
CUST0136,M,58,2023-08-28,trimestrale,80,2025-06-16,2.68,6,0
CUST0137,F,62,2023-11-20,mensile,30,2025-06-12,2.15,10,0
CUST0138,M,46,2024-11-19,mensile,30,2025-05-03,1.81,50,0
CUST0139,M,53,2024-04-22,mensile,30,2025-06-13,2.46,9,0
CUST0140,F,54,2024-10-17,mensile,30,2025-06-14,3.44,8,0
CUST0141,F,52,2025-03-04,mensile,30,2025-06-07,3.34,15,0
CUST0142,M,53,2023-12-22,annuale,280,2025-05-21,1.84,32,1
CUST0143,M,40,2024-01-15,annuale,280,2025-06-18,1.74,4,0
CUST0144,F,29,2024-03-28,annuale,280,2025-06-06,3.07,16,0
CUST0145,F,52,2023-11-17,trimestrale,80,2025-04-09,0.76,74,1
CUST0146,M,34,2024-03-26,mensile,30,2025-05-19,1.13,34,0
CUST0147,F,36,2024-05-25,mensile,30,2025-06-06,2.97,16,0
CUST0148,F,53,2025-01-11,trimestrale,80,2025-05-27,1.77,26,0
CUST0149,M,48,2023-08-13,annuale,280,2025-03-18,0.46,96,1
CUST0150,M,36,2024-09-12,mensile,30,2025-05-23,0.25,30,0
CUST0151,M,42,2024-10-12,mensile,30,2025-03-18,0.37,96,1
CUST0152,M,38,2024-08-31,mensile,30,2025-06-19,3.41,3,0
CUST0153,F,64,2024-03-26,mensile,30,2025-06-11,2.7,11,0
CUST0154,F,26,2023-08-26,mensile,30,2025-02-24,0.53,118,1
CUST0155,M,55,2025-02-05,trimestrale,80,2025-06-16,2.54,6,0
CUST0156,F,63,2025-04-02,mensile,30,2025-06-10,2.25,12,0
CUST0157,M,44,2025-02-10,trimestrale,80,2025-06-21,1.82,1,0
CUST0158,M,22,2023-10-29,annuale,280,2025-04-10,0.07,73,1
CUST0159,M,34,2023-08-15,mensile,30,2025-06-01,0.51,21,0
CUST0160,M,42,2025-03-26,mensile,30,2025-04-24,1.04,59,0
CUST0161,M,48,2024-12-30,trimestrale,80,2025-06-04,3.18,18,0
CUST0162,F,61,2024-02-03,mensile,30,2025-06-16,2.93,6,0
CUST0163,F,56,2024-07-09,trimestrale,80,2025-06-20,2.42,2,0
CUST0164,F,62,2023-12-19,mensile,30,2025-04-26,0.93,57,1
CUST0165,M,37,2023-12-13,trimestrale,80,2025-05-11,0.16,42,1
CUST0166,F,25,2023-08-06,annuale,280,2025-06-14,2.92,8,0
CUST0167,M,45,2023-08-01,trimestrale,80,2025-05-14,2.29,39,0
CUST0168,F,50,2024-12-29,trimestrale,80,2025-06-17,3.18,5,0
CUST0169,F,62,2024-02-13,mensile,30,2025-06-10,2.36,12,0
CUST0170,F,64,2025-02-09,mensile,30,2025-06-07,2.61,15,0
CUST0171,F,54,2024-08-28,trimestrale,80,2025-04-03,0.5,80,1
CUST0172,F,52,2024-03-22,trimestrale,80,2025-06-04,2.51,18,0
CUST0173,F,58,2023-07-10,mensile,30,2025-03-21,0.65,93,1
CUST0174,F,31,2023-10-23,mensile,30,2025-04-24,1.15,59,1
CUST0175,M,20,2024-08-15,mensile,30,2025-06-07,2.12,15,0
CUST0176,F,40,2024-10-10,trimestrale,80,2025-06-12,2.44,10,0
CUST0177,F,45,2024-09-19,mensile,30,2025-05-31,2.18,22,0
CUST0178,M,45,2023-11-23,mensile,30,2025-06-19,1.44,3,0
CUST0179,F,45,2024-03-05,annuale,280,2025-06-18,2.24,4,0
CUST0180,F,58,2023-07-31,trimestrale,80,2025-05-03,0.16,50,0
CUST0181,M,37,2024-07-06,trimestrale,80,2025-06-10,2.68,12,0
CUST0182,M,45,2025-01-10,trimestrale,80,2025-06-07,2.87,15,0
CUST0183,F,19,2023-09-26,mensile,30,2025-05-29,2.53,24,0
CUST0184,F,47,2023-08-04,trimestrale,80,2025-06-05,1.88,17,0
CUST0185,F,50,2024-03-20,mensile,30,2025-06-22,2.59,0,0
CUST0186,F,35,2024-09-20,annuale,280,2025-05-07,1.07,46,0
CUST0187,F,44,2025-03-14,mensile,30,2025-06-06,3.22,16,0
CUST0188,M,30,2024-05-04,trimestrale,80,2025-06-22,1.27,0,0
CUST0189,M,18,2023-08-26,mensile,30,2025-06-07,2.05,15,0
CUST0190,F,23,2023-10-30,trimestrale,80,2025-05-11,1.5,42,1
CUST0191,F,54,2024-02-12,annuale,280,2025-05-02,1.53,51,1
CUST0192,F,27,2024-11-30,mensile,30,2025-06-13,1.82,9,0
CUST0193,M,26,2024-11-06,mensile,30,2025-06-09,2.18,13,0
CUST0194,F,18,2024-11-16,trimestrale,80,2025-03-19,0.24,95,1
CUST0195,F,18,2025-04-22,mensile,30,2025-06-06,2.16,16,0
CUST0196,F,57,2024-10-04,mensile,30,2025-06-21,2.09,1,0
CUST0197,M,43,2024-04-29,annuale,280,2025-06-21,2.35,1,0
CUST0198,F,20,2025-03-09,mensile,30,2025-06-05,2.58,17,0
CUST0199,F,22,2024-01-18,mensile,30,2025-06-06,3.08,16,0
CUST0200,M,64,2023-07-20,mensile,30,2025-05-16,1.95,37,1
CUST0201,M,19,2024-11-21,annuale,280,2025-02-23,0.91,119,1
CUST0202,F,56,2024-06-22,trimestrale,80,2025-06-17,2.6,5,0
CUST0203,M,51,2024-04-03,trimestrale,80,2025-05-21,1.53,32,0
CUST0204,F,47,2025-03-26,annuale,280,2025-03-19,0.42,95,1
CUST0205,F,55,2024-02-07,trimestrale,80,2025-04-09,0.72,74,1
CUST0206,M,59,2023-08-24,annuale,280,2025-06-04,2.98,18,0
CUST0207,M,27,2024-03-28,mensile,30,2025-06-06,2.82,16,0
CUST0208,M,27,2023-08-10,mensile,30,2025-06-06,2.36,16,0
CUST0209,M,51,2024-11-06,mensile,30,2025-06-17,1.67,5,0
CUST0210,F,19,2025-01-16,mensile,30,2025-05-26,1.76,27,0
CUST0211,F,28,2023-08-31,mensile,30,2025-05-16,0.54,37,0
CUST0212,M,33,2023-11-24,mensile,30,2025-06-12,2.68,10,0
CUST0213,M,57,2024-11-10,annuale,280,2025-06-04,0.84,18,0
CUST0214,M,42,2023-07-20,trimestrale,80,2025-06-20,2.52,2,0
CUST0215,F,49,2025-04-06,mensile,30,2025-05-20,2.25,33,0
CUST0216,F,38,2024-03-25,annuale,280,2025-06-18,1.86,4,0
CUST0217,F,39,2024-06-19,mensile,30,2025-05-18,0.59,35,0
CUST0218,F,23,2025-03-06,trimestrale,80,2025-05-08,0.0,45,1
CUST0219,M,63,2024-09-09,annuale,280,2025-06-21,2.76,1,0
CUST0220,M,31,2024-12-07,annuale,280,2025-03-25,0.31,89,1
CUST0221,F,64,2023-10-06,trimestrale,80,2025-05-17,1.31,36,1
CUST0222,F,64,2023-10-29,annuale,280,2025-06-12,2.93,10,0
CUST0223,F,52,2023-08-12,trimestrale,80,2025-06-03,2.19,19,0
CUST0224,M,32,2025-01-08,mensile,30,2025-06-08,2.36,14,0
CUST0225,F,43,2025-01-01,trimestrale,80,2025-06-09,1.35,13,0
CUST0226,F,41,2024-12-29,mensile,30,2025-05-07,0.76,46,1
CUST0227,F,64,2024-10-28,annuale,280,2025-06-09,2.01,13,0
CUST0228,F,60,2025-01-11,mensile,30,2025-04-24,1.25,59,0
CUST0229,F,32,2024-02-21,annuale,280,2025-06-18,2.95,4,0
CUST0230,M,45,2023-11-23,trimestrale,80,2025-02-24,0.86,118,1
CUST0231,F,39,2024-10-11,mensile,30,2025-05-13,1.66,40,0
CUST0232,F,61,2024-01-04,trimestrale,80,2025-05-14,1.65,39,1
CUST0233,M,21,2024-11-02,annuale,280,2025-06-13,2.96,9,0
CUST0234,F,20,2025-03-25,mensile,30,2025-06-14,2.06,8,0
CUST0235,M,64,2024-04-25,trimestrale,80,2025-04-05,0.5,78,1
CUST0236,M,64,2024-05-06,trimestrale,80,2025-06-15,3.24,7,0
CUST0237,M,59,2024-04-05,mensile,30,2025-06-14,3.49,8,0
CUST0238,M,54,2023-07-28,mensile,30,2025-06-17,2.61,5,0
CUST0239,F,62,2024-01-14,mensile,30,2025-06-02,2.09,20,0
CUST0240,F,54,2025-03-12,trimestrale,80,2025-06-22,2.4,0,0
CUST0241,M,47,2025-01-14,annuale,280,2025-06-12,1.36,10,0
CUST0242,F,47,2023-09-26,mensile,30,2025-06-14,2.52,8,0
CUST0243,F,57,2024-02-28,annuale,280,2025-05-02,0.92,51,0
CUST0244,F,53,2025-01-08,annuale,280,2025-06-17,2.7,5,0
CUST0245,F,21,2024-02-26,mensile,30,2025-06-08,2.46,14,0
CUST0246,F,23,2025-01-20,mensile,30,2025-05-09,1.85,44,0
CUST0247,M,19,2023-09-23,trimestrale,80,2025-06-08,2.01,14,0
CUST0248,F,28,2023-09-07,mensile,30,2025-06-15,3.12,7,0
CUST0249,F,22,2023-07-20,mensile,30,2025-06-02,1.44,20,0
CUST0250,M,43,2025-02-01,mensile,30,2025-03-02,0.58,112,1
CUST0251,F,29,2024-02-18,annuale,280,2025-06-08,1.13,14,0
CUST0252,F,18,2023-09-27,mensile,30,2025-04-25,0.69,58,1
CUST0253,M,28,2024-12-28,trimestrale,80,2025-05-06,0.0,47,1
CUST0254,M,50,2024-01-02,mensile,30,2025-06-17,2.07,5,0
CUST0255,F,40,2024-09-19,mensile,30,2025-05-29,1.23,24,0
CUST0256,F,61,2025-04-07,annuale,280,2025-06-06,2.2,16,0
CUST0257,F,18,2025-02-01,trimestrale,80,2025-06-18,2.21,4,0
CUST0258,F,26,2024-10-29,annuale,280,2025-04-22,0.48,61,1
CUST0259,M,55,2024-08-10,mensile,30,2025-06-20,1.99,2,0
CUST0260,F,47,2024-05-30,annuale,280,2025-05-08,1.62,45,1
CUST0261,M,29,2023-08-16,trimestrale,80,2025-06-20,2.54,2,0
CUST0262,M,52,2024-05-14,mensile,30,2025-06-07,1.84,15,0
CUST0263,M,46,2025-02-03,mensile,30,2025-02-26,0.97,116,1
CUST0264,F,28,2024-01-25,mensile,30,2025-06-14,2.88,8,0
CUST0265,F,52,2024-06-04,trimestrale,80,2025-06-18,2.82,4,0
CUST0266,M,22,2024-05-08,mensile,30,2025-05-20,1.7,33,1
CUST0267,M,21,2024-01-15,mensile,30,2025-06-10,3.54,12,0
CUST0268,M,59,2025-01-08,mensile,30,2025-05-14,1.15,39,0
CUST0269,M,57,2024-02-21,annuale,280,2025-06-09,3.45,13,0
CUST0270,F,49,2024-12-25,trimestrale,80,2025-06-04,2.85,18,0
CUST0271,F,32,2024-01-24,annuale,280,2025-06-22,3.6,0,0
CUST0272,F,42,2023-12-09,trimestrale,80,2025-04-22,0.43,61,1
CUST0273,F,31,2023-11-30,mensile,30,2025-06-15,2.91,7,0
CUST0274,F,57,2023-10-09,annuale,280,2025-06-04,1.36,18,0
CUST0275,F,20,2024-03-22,trimestrale,80,2025-06-16,3.22,6,0
CUST0276,F,25,2024-06-20,mensile,30,2025-04-27,1.74,56,1
CUST0277,M,46,2024-02-23,trimestrale,80,2025-06-22,2.29,0,0
CUST0278,M,47,2025-03-28,annuale,280,2025-04-30,2.08,53,1
CUST0279,F,44,2025-01-25,trimestrale,80,2025-03-15,0.8,99,1
CUST0280,F,50,2024-08-12,mensile,30,2025-06-19,3.25,3,0
CUST0281,F,27,2025-01-03,trimestrale,80,2025-06-22,2.7,0,0
CUST0282,M,55,2023-12-13,trimestrale,80,2025-05-26,1.31,27,0
CUST0283,F,46,2023-12-16,trimestrale,80,2025-05-31,0.81,22,0
CUST0284,M,22,2024-01-13,mensile,30,2025-06-08,3.21,14,0
CUST0285,F,44,2024-09-11,mensile,30,2025-06-04,2.26,18,0
CUST0286,F,53,2023-09-21,trimestrale,80,2025-06-19,2.86,3,0
CUST0287,M,37,2025-04-10,mensile,30,2025-04-28,0.97,55,1
CUST0288,F,27,2023-10-20,annuale,280,2025-04-01,0.38,82,1
CUST0289,F,43,2024-11-14,annuale,280,2025-06-09,1.77,13,0
CUST0290,M,60,2024-12-11,mensile,30,2025-06-11,2.37,11,0
CUST0291,F,57,2025-03-29,annuale,280,2025-03-10,0.37,104,1
CUST0292,F,60,2024-11-02,mensile,30,2025-03-02,0.86,112,1
CUST0293,F,48,2024-03-08,trimestrale,80,2025-06-14,2.84,8,0
CUST0294,F,46,2024-05-25,trimestrale,80,2025-06-09,2.01,13,0
CUST0295,F,38,2024-07-10,mensile,30,2025-04-03,0.46,80,1
CUST0296,M,40,2023-08-02,trimestrale,80,2025-06-22,2.53,0,0
CUST0297,F,57,2024-06-06,annuale,280,2025-04-24,0.83,59,1
CUST0298,M,38,2023-11-12,trimestrale,80,2025-06-08,2.42,14,0
CUST0299,F,43,2024-09-12,trimestrale,80,2025-06-14,2.29,8,0
CUST0300,M,52,2025-02-20,annuale,280,2025-06-03,2.91,19,0
CUST0301,F,19,2025-03-02,mensile,30,2025-06-16,2.54,6,0
CUST0302,M,35,2025-01-30,mensile,30,2025-06-21,2.58,1,0
CUST0303,F,61,2023-07-18,trimestrale,80,2025-06-04,2.89,18,0
CUST0304,F,41,2024-01-08,trimestrale,80,2025-05-14,0.0,39,1
CUST0305,F,41,2024-10-15,mensile,30,2025-05-06,1.46,47,0
CUST0306,M,46,2023-11-23,annuale,280,2025-06-12,1.99,10,0
CUST0307,F,37,2023-09-23,trimestrale,80,2025-06-14,2.76,8,0
CUST0308,F,37,2024-05-11,mensile,30,2025-03-07,0.5,107,1
CUST0309,M,18,2024-07-08,annuale,280,2025-06-10,2.58,12,0
CUST0310,M,47,2023-12-12,trimestrale,80,2025-03-19,0.56,95,1
CUST0311,M,49,2025-04-03,mensile,30,2025-05-09,1.4,44,0
CUST0312,M,46,2025-03-21,mensile,30,2025-03-21,0.49,93,1
CUST0313,M,57,2024-06-22,trimestrale,80,2025-05-20,1.12,33,1
CUST0314,M,35,2024-11-12,trimestrale,80,2025-06-22,2.37,0,0
CUST0315,F,19,2024-10-14,annuale,280,2025-05-11,2.55,42,0
CUST0316,F,47,2025-02-05,trimestrale,80,2025-06-17,2.32,5,0
CUST0317,M,25,2025-02-08,mensile,30,2025-06-16,2.62,6,0
CUST0318,M,20,2025-01-02,trimestrale,80,2025-06-13,2.92,9,0
CUST0319,F,50,2024-11-28,mensile,30,2025-06-05,1.84,17,0
CUST0320,M,24,2023-11-20,trimestrale,80,2025-05-10,2.36,43,0
CUST0321,M,20,2025-02-12,mensile,30,2025-05-15,0.0,38,0
CUST0322,F,40,2024-10-22,mensile,30,2025-05-31,1.57,22,0
CUST0323,F,20,2024-06-08,annuale,280,2025-06-04,2.43,18,0
CUST0324,M,50,2023-08-22,mensile,30,2025-06-08,2.93,14,0
CUST0325,M,41,2024-06-08,annuale,280,2025-04-07,0.69,76,1
CUST0326,M,63,2023-12-08,mensile,30,2025-06-12,2.36,10,0
CUST0327,F,35,2025-02-13,mensile,30,2025-06-16,1.97,6,0
CUST0328,F,27,2024-11-20,mensile,30,2025-06-01,1.98,21,0
CUST0329,M,36,2024-09-28,annuale,280,2025-06-19,2.73,3,0
CUST0330,M,46,2024-09-04,mensile,30,2025-05-21,0.63,32,1
CUST0331,F,19,2023-10-01,mensile,30,2025-06-20,2.09,2,0
CUST0332,F,40,2024-05-12,mensile,30,2025-05-27,1.17,26,0
CUST0333,M,47,2024-12-05,trimestrale,80,2025-06-14,3.01,8,0
CUST0334,M,51,2023-10-21,annuale,280,2025-06-11,2.32,11,0
CUST0335,M,47,2024-12-07,trimestrale,80,2025-06-09,2.63,13,0
CUST0336,M,40,2024-04-07,trimestrale,80,2025-06-06,3.64,16,0
CUST0337,F,26,2023-08-15,trimestrale,80,2025-04-29,0.0,54,0
CUST0338,F,19,2024-02-20,annuale,280,2025-04-14,0.31,69,1
CUST0339,F,60,2024-08-01,trimestrale,80,2025-06-04,1.21,18,0
CUST0340,M,43,2025-03-27,mensile,30,2025-05-10,1.12,43,0
CUST0341,F,28,2025-03-26,annuale,280,2025-02-28,0.27,114,1
CUST0342,F,35,2024-11-12,trimestrale,80,2025-06-13,1.69,9,0
CUST0343,M,34,2023-12-15,trimestrale,80,2025-04-02,0.67,81,1
CUST0344,F,42,2024-12-19,mensile,30,2025-05-01,1.17,52,0
CUST0345,F,59,2025-01-23,mensile,30,2025-05-17,1.87,36,0
CUST0346,F,38,2025-04-10,mensile,30,2025-06-17,2.05,5,0
CUST0347,M,62,2023-11-23,mensile,30,2025-06-01,2.09,21,0
CUST0348,F,27,2023-11-13,mensile,30,2025-06-10,2.34,12,0
CUST0349,F,63,2024-02-01,trimestrale,80,2025-06-21,3.07,1,0
CUST0350,M,60,2024-02-21,annuale,280,2025-06-07,1.63,15,0
CUST0351,M,43,2025-03-10,trimestrale,80,2025-05-10,0.97,43,0
CUST0352,F,38,2023-06-26,trimestrale,80,2025-05-28,0.85,25,0
CUST0353,M,56,2025-01-28,mensile,30,2025-06-15,1.82,7,0
CUST0354,F,52,2023-10-27,trimestrale,80,2025-06-21,2.76,1,0
CUST0355,M,39,2024-10-29,mensile,30,2025-06-18,2.44,4,0
CUST0356,M,50,2023-09-16,mensile,30,2025-05-03,0.64,50,1
CUST0357,F,60,2023-10-31,mensile,30,2025-05-22,1.6,31,0
CUST0358,F,62,2024-12-23,mensile,30,2025-06-12,3.07,10,0
CUST0359,M,26,2024-06-03,trimestrale,80,2025-06-14,2.15,8,0
CUST0360,F,57,2023-12-06,mensile,30,2025-04-22,1.0,61,1
CUST0361,M,57,2024-06-24,mensile,30,2025-03-28,0.29,86,1
CUST0362,M,42,2024-06-22,annuale,280,2025-06-16,2.99,6,0
CUST0363,F,34,2023-08-21,trimestrale,80,2025-05-29,1.08,24,0
CUST0364,M,64,2024-12-12,annuale,280,2025-06-11,3.03,11,0
CUST0365,F,25,2024-12-13,annuale,280,2025-06-06,2.56,16,0
CUST0366,M,40,2024-05-20,mensile,30,2025-02-28,0.91,114,1
CUST0367,F,58,2023-09-17,trimestrale,80,2025-06-10,3.01,12,0
CUST0368,F,43,2025-01-20,annuale,280,2025-05-07,1.8,46,1
CUST0369,M,40,2025-01-31,mensile,30,2025-06-16,2.6,6,0
CUST0370,M,31,2024-03-15,annuale,280,2025-05-24,0.74,29,0
CUST0371,M,25,2024-06-24,mensile,30,2025-05-16,2.24,37,0
CUST0372,M,46,2023-12-13,trimestrale,80,2025-06-05,3.18,17,0
CUST0373,M,56,2024-08-09,annuale,280,2025-05-22,0.0,31,1
CUST0374,F,31,2023-09-26,trimestrale,80,2025-06-20,2.07,2,0
CUST0375,F,20,2023-07-11,annuale,280,2025-04-02,1.32,81,1
CUST0376,M,60,2024-08-20,mensile,30,2025-04-29,0.04,54,0
CUST0377,F,56,2024-08-22,trimestrale,80,2025-05-24,0.6,29,0
CUST0378,F,21,2023-11-03,mensile,30,2025-06-10,2.93,12,0
CUST0379,F,59,2024-10-17,mensile,30,2025-06-11,2.64,11,0
CUST0380,M,19,2024-08-01,trimestrale,80,2025-03-15,0.58,99,1
CUST0381,F,30,2023-09-03,trimestrale,80,2025-05-26,1.49,27,0
CUST0382,M,35,2024-10-18,mensile,30,2025-05-07,3.32,46,1
CUST0383,F,61,2024-04-19,trimestrale,80,2025-05-29,1.04,24,0
CUST0384,F,47,2023-09-24,mensile,30,2025-04-14,0.59,69,1
CUST0385,F,18,2024-04-01,annuale,280,2025-03-21,0.0,93,1
CUST0386,M,20,2024-02-22,mensile,30,2025-06-10,1.83,12,0
CUST0387,F,21,2024-09-16,trimestrale,80,2025-05-21,0.86,32,1
CUST0388,F,54,2024-05-28,mensile,30,2025-06-07,1.53,15,0
CUST0389,M,41,2024-11-25,trimestrale,80,2025-06-04,0.65,18,0
CUST0390,M,29,2024-09-24,trimestrale,80,2025-06-18,2.99,4,0
CUST0391,F,63,2024-10-08,trimestrale,80,2025-06-12,2.39,10,0
CUST0392,M,30,2023-08-02,mensile,30,2025-05-05,2.32,48,0
CUST0393,F,62,2024-10-17,mensile,30,2025-06-09,3.31,13,0
CUST0394,F,27,2025-01-17,mensile,30,2025-04-26,1.14,57,1
CUST0395,F,20,2023-12-03,trimestrale,80,2025-06-17,2.2,5,0
CUST0396,M,22,2024-12-20,trimestrale,80,2025-06-18,1.88,4,0
CUST0397,M,26,2024-06-22,trimestrale,80,2025-04-19,0.67,64,1
CUST0398,F,59,2025-03-09,mensile,30,2025-06-20,2.9,2,0
CUST0399,M,41,2025-02-19,mensile,30,2025-06-20,3.02,2,0
CUST0400,M,49,2023-10-01,mensile,30,2025-05-04,1.01,49,0
CUST0401,M,64,2023-07-13,trimestrale,80,2025-06-14,2.15,8,0
CUST0402,M,21,2024-09-12,trimestrale,80,2025-05-25,1.41,28,0
CUST0403,F,20,2024-04-14,mensile,30,2025-05-11,2.29,42,0
CUST0404,M,46,2024-11-05,trimestrale,80,2025-05-30,1.45,23,0
CUST0405,M,42,2024-04-05,annuale,280,2025-06-18,2.41,4,0
CUST0406,F,28,2025-04-06,mensile,30,2025-05-05,0.28,48,0
CUST0407,F,25,2024-10-04,annuale,280,2025-05-04,0.12,49,1
CUST0408,F,43,2024-02-17,mensile,30,2025-06-05,2.24,17,0
CUST0409,F,34,2024-07-19,trimestrale,80,2025-06-05,2.61,17,0
CUST0410,M,57,2024-05-31,annuale,280,2025-06-10,3.76,12,0
CUST0411,M,20,2024-06-19,annuale,280,2025-03-14,0.34,100,1
CUST0412,F,57,2024-09-02,annuale,280,2025-06-21,3.05,1,0
CUST0413,M,50,2024-03-17,trimestrale,80,2025-06-02,1.59,20,0
CUST0414,M,41,2024-07-22,trimestrale,80,2025-06-04,2.31,18,0
CUST0415,M,58,2025-02-05,annuale,280,2025-06-10,2.77,12,0
CUST0416,M,60,2023-12-13,annuale,280,2025-06-10,3.03,12,0
CUST0417,M,44,2025-02-21,mensile,30,2025-04-01,0.85,82,1
CUST0418,F,24,2024-04-14,mensile,30,2025-06-18,2.31,4,0
CUST0419,F,47,2024-05-14,mensile,30,2025-03-31,0.25,83,1
CUST0420,M,48,2023-07-03,annuale,280,2025-06-05,2.71,17,0
CUST0421,M,46,2023-10-25,mensile,30,2025-05-27,1.78,26,0
CUST0422,M,56,2023-09-03,trimestrale,80,2025-03-04,0.75,110,1
CUST0423,M,58,2024-06-07,annuale,280,2025-06-06,1.76,16,0
CUST0424,M,57,2024-12-25,annuale,280,2025-06-21,2.82,1,0
CUST0425,F,52,2024-11-05,mensile,30,2025-06-02,3.01,20,0
CUST0426,M,36,2023-07-04,mensile,30,2025-06-16,2.77,6,0
CUST0427,F,45,2024-04-27,mensile,30,2025-05-24,1.53,29,0
CUST0428,M,47,2023-11-08,trimestrale,80,2025-06-18,2.28,4,0
CUST0429,M,44,2024-03-08,mensile,30,2025-05-22,1.64,31,0
CUST0430,F,29,2023-10-12,mensile,30,2025-06-06,1.6,16,0
CUST0431,F,43,2023-07-05,mensile,30,2025-05-21,2.18,32,0
CUST0432,M,31,2024-02-03,mensile,30,2025-05-10,2.91,43,0
CUST0433,F,29,2023-08-21,mensile,30,2025-06-01,0.98,21,0
CUST0434,F,46,2024-02-23,mensile,30,2025-05-28,1.19,25,0
CUST0435,F,49,2023-06-24,mensile,30,2025-06-04,3.06,18,0
CUST0436,F,28,2023-08-24,annuale,280,2025-06-21,1.78,1,0
CUST0437,F,56,2025-01-28,annuale,280,2025-06-08,1.4,14,0
CUST0438,M,46,2023-06-25,annuale,280,2025-06-12,3.06,10,0
CUST0439,F,44,2024-11-11,mensile,30,2025-06-20,3.16,2,0
CUST0440,M,34,2024-11-27,annuale,280,2025-06-11,1.58,11,0
CUST0441,F,55,2024-01-10,trimestrale,80,2025-06-08,2.22,14,0
CUST0442,F,51,2024-09-06,mensile,30,2025-03-09,0.61,105,1
CUST0443,M,41,2024-05-10,mensile,30,2025-05-27,1.3,26,0
CUST0444,F,35,2023-11-13,mensile,30,2025-06-08,3.76,14,0
CUST0445,F,63,2024-03-30,annuale,280,2025-05-14,0.34,39,1
CUST0446,F,34,2024-10-01,mensile,30,2025-03-17,0.45,97,1
CUST0447,F,24,2023-07-30,mensile,30,2025-06-20,1.91,2,0
CUST0448,F,46,2024-09-01,annuale,280,2025-04-25,2.37,58,1
CUST0449,M,42,2023-10-11,trimestrale,80,2025-06-09,2.75,13,0
CUST0450,M,24,2023-07-10,mensile,30,2025-06-06,1.79,16,0
CUST0451,F,26,2024-03-20,trimestrale,80,2025-06-17,2.8,5,0
CUST0452,F,39,2023-07-15,mensile,30,2025-06-21,2.18,1,0
CUST0453,F,30,2024-04-07,trimestrale,80,2025-06-06,3.0,16,0
CUST0454,M,25,2023-11-27,mensile,30,2025-06-05,2.03,17,0
CUST0455,F,64,2023-10-24,trimestrale,80,2025-05-08,2.63,45,1
CUST0456,M,55,2023-12-07,mensile,30,2025-06-12,2.89,10,0
CUST0457,F,55,2024-12-07,mensile,30,2025-04-28,1.8,55,0
CUST0458,F,25,2024-11-12,mensile,30,2025-05-28,0.82,25,0
CUST0459,M,34,2024-03-05,trimestrale,80,2025-06-11,2.48,11,0
CUST0460,F,63,2025-03-22,mensile,30,2025-04-07,0.5,76,1
CUST0461,M,45,2025-02-01,trimestrale,80,2025-06-03,2.31,19,0
CUST0462,F,50,2024-07-03,mensile,30,2025-06-13,2.53,9,0
CUST0463,M,58,2024-08-04,mensile,30,2025-06-10,2.11,12,0
CUST0464,M,47,2024-07-03,mensile,30,2025-06-22,2.26,0,0
CUST0465,F,56,2024-08-19,mensile,30,2025-06-21,3.04,1,0
CUST0466,F,55,2024-06-18,mensile,30,2025-04-30,1.94,53,0
CUST0467,M,32,2025-03-24,annuale,280,2025-06-21,2.01,1,0
CUST0468,M,59,2024-02-08,annuale,280,2025-06-11,2.64,11,0
CUST0469,F,20,2024-11-14,trimestrale,80,2025-05-03,0.26,50,1
CUST0470,F,26,2024-04-09,annuale,280,2025-06-02,2.53,20,0
CUST0471,M,58,2023-08-25,trimestrale,80,2025-05-27,2.57,26,0
CUST0472,M,25,2024-09-14,trimestrale,80,2025-06-15,2.95,7,0
CUST0473,F,64,2023-07-29,mensile,30,2025-06-16,2.82,6,0
CUST0474,F,28,2024-05-12,mensile,30,2025-05-19,3.01,34,1
CUST0475,M,39,2024-12-15,mensile,30,2025-06-20,3.09,2,0
CUST0476,F,58,2023-08-24,trimestrale,80,2025-06-13,3.34,9,0
CUST0477,M,29,2023-11-28,mensile,30,2025-05-16,1.18,37,0
CUST0478,F,29,2023-08-24,trimestrale,80,2025-06-10,3.68,12,0
CUST0479,M,36,2023-11-17,trimestrale,80,2025-06-09,2.29,13,0
CUST0480,M,53,2024-04-06,annuale,280,2025-06-10,2.76,12,0
CUST0481,F,49,2023-09-16,mensile,30,2025-04-25,1.1,58,0
CUST0482,F,35,2024-09-29,annuale,280,2025-06-02,0.85,20,0
CUST0483,M,49,2023-07-24,mensile,30,2025-06-14,2.88,8,0
CUST0484,F,20,2024-02-06,mensile,30,2025-05-11,1.93,42,0
CUST0485,M,46,2023-09-04,trimestrale,80,2025-05-24,0.78,29,0
CUST0486,F,50,2024-11-23,annuale,280,2025-06-16,3.05,6,0
CUST0487,M,48,2024-05-27,mensile,30,2025-05-15,1.42,38,1
CUST0488,F,37,2025-04-08,trimestrale,80,2025-05-02,0.64,51,1
CUST0489,M,37,2024-08-31,mensile,30,2025-06-05,1.77,17,0
CUST0490,F,49,2023-10-21,trimestrale,80,2025-04-28,2.68,55,0
CUST0491,F,53,2025-02-10,mensile,30,2025-06-21,2.27,1,0
CUST0492,M,32,2024-01-27,mensile,30,2025-06-21,2.8,1,0
CUST0493,F,29,2024-11-10,mensile,30,2025-06-20,3.07,2,0
CUST0494,F,62,2024-02-08,annuale,280,2025-05-21,2.46,32,0
CUST0495,F,52,2024-08-25,annuale,280,2025-04-13,0.73,70,1
CUST0496,F,25,2024-07-21,trimestrale,80,2025-06-19,2.66,3,0
CUST0497,M,62,2023-07-04,mensile,30,2025-06-14,2.35,8,0
CUST0498,M,64,2024-11-19,mensile,30,2025-06-09,1.38,13,0
CUST0499,F,19,2025-02-07,annuale,280,2025-06-16,2.62,6,0
CUST0500,M,23,2023-08-26,annuale,280,2025-06-06,2.69,16,0
CUST0501,F,19,2023-07-13,mensile,30,2025-04-04,0.47,79,1
CUST0502,F,54,2023-11-19,mensile,30,2025-06-18,3.05,4,0
CUST0503,M,53,2025-02-03,mensile,30,2025-06-10,2.15,12,0
CUST0504,F,40,2025-04-11,annuale,280,2025-06-08,2.72,14,0
CUST0505,F,31,2024-06-10,mensile,30,2025-06-07,2.35,15,0
CUST0506,F,27,2024-02-27,mensile,30,2025-06-13,2.06,9,0
CUST0507,M,22,2023-08-14,mensile,30,2025-06-03,2.71,19,0
CUST0508,F,25,2024-11-12,trimestrale,80,2025-03-27,0.11,87,1
CUST0509,F,60,2025-01-05,mensile,30,2025-06-18,1.74,4,0
CUST0510,F,64,2024-11-26,trimestrale,80,2025-05-02,2.55,51,0
CUST0511,F,61,2023-11-21,annuale,280,2025-05-11,1.62,42,1
CUST0512,M,64,2023-11-06,annuale,280,2025-05-24,2.61,29,0
CUST0513,F,37,2024-07-04,trimestrale,80,2025-05-25,3.12,28,0
CUST0514,F,19,2024-09-21,trimestrale,80,2025-06-14,2.86,8,0
CUST0515,M,46,2024-04-30,trimestrale,80,2025-06-22,2.53,0,0
CUST0516,F,52,2024-04-20,mensile,30,2025-02-28,0.56,114,1
CUST0517,M,29,2024-07-30,mensile,30,2025-04-19,0.23,64,1
CUST0518,M,41,2024-11-29,mensile,30,2025-04-26,1.55,57,1
CUST0519,F,64,2023-07-27,trimestrale,80,2025-03-27,0.62,87,1
CUST0520,F,40,2024-06-07,trimestrale,80,2025-04-25,0.75,58,0
CUST0521,F,62,2024-07-04,mensile,30,2025-03-18,0.53,96,1
CUST0522,F,33,2024-07-03,trimestrale,80,2025-06-05,2.81,17,0
CUST0523,M,38,2024-11-09,trimestrale,80,2025-06-07,0.76,15,0
CUST0524,M,25,2024-12-05,trimestrale,80,2025-05-10,2.25,43,0
CUST0525,F,39,2024-12-18,mensile,30,2025-06-08,2.42,14,0
CUST0526,M,51,2023-07-06,trimestrale,80,2025-06-07,1.48,15,0
CUST0527,F,34,2023-08-28,mensile,30,2025-06-15,3.5,7,0
CUST0528,M,64,2024-03-16,mensile,30,2025-06-15,2.3,7,0
CUST0529,F,42,2025-04-01,annuale,280,2025-06-04,1.7,18,0
CUST0530,M,50,2025-02-01,trimestrale,80,2025-06-22,2.82,0,0
CUST0531,F,22,2023-10-22,trimestrale,80,2025-04-28,0.7,55,0
CUST0532,F,43,2024-03-23,trimestrale,80,2025-06-21,2.47,1,0
CUST0533,F,30,2024-07-11,trimestrale,80,2025-05-30,1.73,23,0
CUST0534,F,30,2025-04-06,mensile,30,2025-06-14,2.65,8,0
CUST0535,F,55,2023-09-04,trimestrale,80,2025-05-05,0.26,48,1
CUST0536,F,55,2025-03-21,mensile,30,2025-05-20,1.92,33,0
CUST0537,F,58,2024-09-09,mensile,30,2025-04-16,0.71,67,1
CUST0538,F,36,2025-03-06,annuale,280,2025-04-24,1.39,59,0
CUST0539,M,24,2025-04-04,mensile,30,2025-06-08,2.56,14,0
CUST0540,M,18,2025-02-11,mensile,30,2025-06-11,3.09,11,0
CUST0541,F,36,2024-09-04,trimestrale,80,2025-06-22,3.51,0,0
CUST0542,F,49,2023-08-11,annuale,280,2025-06-06,2.35,16,0
CUST0543,M,28,2023-12-28,mensile,30,2025-05-04,1.48,49,1
CUST0544,M,25,2025-03-25,trimestrale,80,2025-06-09,3.13,13,0
CUST0545,M,26,2024-03-29,mensile,30,2025-06-05,1.99,17,0
CUST0546,M,38,2025-04-07,trimestrale,80,2025-05-13,0.36,40,0
CUST0547,M,53,2024-04-29,mensile,30,2025-04-24,0.55,59,1
CUST0548,F,60,2025-03-11,mensile,30,2025-03-22,0.99,92,1
CUST0549,F,61,2024-10-30,mensile,30,2025-06-12,2.66,10,0
CUST0550,M,62,2024-02-25,trimestrale,80,2025-05-18,2.03,35,0
CUST0551,M,42,2024-06-17,annuale,280,2025-05-03,1.7,50,0
CUST0552,M,28,2023-07-08,annuale,280,2025-03-19,0.27,95,1
CUST0553,F,21,2025-02-23,trimestrale,80,2025-06-07,2.36,15,0
CUST0554,F,63,2023-09-23,annuale,280,2025-06-08,3.73,14,0
CUST0555,M,59,2024-04-05,annuale,280,2025-06-19,2.99,3,0
CUST0556,F,47,2023-12-31,annuale,280,2025-06-05,2.66,17,0
CUST0557,F,43,2023-07-22,annuale,280,2025-05-14,1.45,39,0
CUST0558,F,47,2024-01-02,mensile,30,2025-05-28,1.12,25,0
CUST0559,F,59,2024-12-26,trimestrale,80,2025-06-13,2.76,9,0
CUST0560,M,53,2024-05-25,trimestrale,80,2025-05-19,2.48,34,1
CUST0561,M,18,2023-12-05,mensile,30,2025-04-25,1.45,58,1
CUST0562,F,62,2024-11-05,trimestrale,80,2025-03-23,0.54,91,1
CUST0563,M,38,2024-05-05,mensile,30,2025-06-14,2.77,8,0
CUST0564,F,43,2023-09-09,annuale,280,2025-06-14,1.97,8,0
CUST0565,F,59,2023-10-09,mensile,30,2025-06-15,2.74,7,0
CUST0566,F,41,2025-03-11,mensile,30,2025-05-23,0.37,30,0
CUST0567,F,21,2024-02-27,trimestrale,80,2025-06-05,2.69,17,0
CUST0568,M,41,2023-08-08,mensile,30,2025-06-04,2.72,18,0
CUST0569,F,42,2023-12-03,trimestrale,80,2025-06-05,2.95,17,0
CUST0570,F,36,2025-03-04,mensile,30,2025-05-03,1.33,50,0
CUST0571,F,22,2024-01-03,mensile,30,2025-03-23,0.16,91,1
CUST0572,F,52,2023-09-01,mensile,30,2025-04-25,1.25,58,0
CUST0573,M,34,2024-04-13,trimestrale,80,2025-06-07,2.73,15,0
CUST0574,M,54,2025-01-12,trimestrale,80,2025-05-24,1.01,29,0
CUST0575,M,28,2025-02-10,mensile,30,2025-06-13,2.18,9,0
CUST0576,M,26,2024-09-26,trimestrale,80,2025-05-25,1.12,28,0
CUST0577,F,42,2023-09-28,mensile,30,2025-06-21,2.58,1,0
CUST0578,F,52,2024-04-26,mensile,30,2025-06-16,2.1,6,0
CUST0579,M,56,2024-03-02,mensile,30,2025-04-28,2.65,55,0
CUST0580,M,28,2025-01-27,trimestrale,80,2025-06-16,3.02,6,0
CUST0581,F,21,2024-04-08,trimestrale,80,2025-05-13,1.14,40,0
CUST0582,M,55,2023-10-17,trimestrale,80,2025-03-28,0.55,86,1
CUST0583,F,53,2023-09-29,trimestrale,80,2025-06-15,2.63,7,0
CUST0584,M,54,2024-12-23,annuale,280,2025-05-06,0.36,47,0
CUST0585,M,50,2025-03-09,mensile,30,2025-02-28,0.97,114,1
CUST0586,M,58,2025-02-06,trimestrale,80,2025-06-16,2.52,6,0
CUST0587,F,19,2024-02-24,mensile,30,2025-03-10,0.27,104,1
CUST0588,F,22,2024-01-09,annuale,280,2025-03-26,0.57,88,1
CUST0589,F,55,2024-01-01,mensile,30,2025-02-26,0.03,116,1
CUST0590,M,20,2024-12-07,trimestrale,80,2025-03-26,0.15,88,1
CUST0591,M,23,2024-12-23,annuale,280,2025-06-21,1.88,1,0
CUST0592,M,40,2024-07-03,trimestrale,80,2025-06-11,2.85,11,0
CUST0593,M,51,2023-07-07,trimestrale,80,2025-06-03,3.47,19,0
CUST0594,F,25,2025-01-18,trimestrale,80,2025-04-17,0.67,66,1
CUST0595,F,30,2024-12-13,annuale,280,2025-05-10,1.55,43,0
CUST0596,F,48,2024-01-17,mensile,30,2025-06-08,2.58,14,0
CUST0597,M,47,2024-09-01,mensile,30,2025-03-15,0.08,99,1
CUST0598,M,33,2024-08-12,mensile,30,2025-05-27,2.42,26,0
CUST0599,F,37,2024-06-15,trimestrale,80,2025-06-05,0.65,17,0
CUST0600,M,33,2024-02-01,mensile,30,2025-06-10,2.12,12,0
CUST0601,M,47,2023-10-21,trimestrale,80,2025-06-03,2.89,19,0
CUST0602,M,23,2024-10-30,trimestrale,80,2025-05-17,1.63,36,0
CUST0603,F,50,2025-02-03,trimestrale,80,2025-04-23,0.41,60,1
CUST0604,F,29,2023-09-14,mensile,30,2025-05-01,1.3,52,1
CUST0605,M,62,2024-02-19,mensile,30,2025-03-04,0.38,110,1
CUST0606,M,58,2024-06-01,trimestrale,80,2025-06-21,2.54,1,0
CUST0607,F,28,2024-06-30,mensile,30,2025-06-20,2.85,2,0
CUST0608,F,40,2024-08-14,trimestrale,80,2025-06-19,2.68,3,0
CUST0609,F,54,2025-02-05,mensile,30,2025-06-03,3.2,19,0
CUST0610,M,59,2023-07-15,trimestrale,80,2025-06-11,2.28,11,0
CUST0611,M,41,2025-04-19,mensile,30,2025-06-13,3.08,9,0
CUST0612,F,47,2023-11-15,annuale,280,2025-05-25,1.9,28,0
CUST0613,M,31,2024-01-04,mensile,30,2025-02-25,0.68,117,1
CUST0614,F,32,2024-03-27,trimestrale,80,2025-06-20,2.77,2,0
CUST0615,F,35,2024-10-07,mensile,30,2025-04-19,0.23,64,1
CUST0616,M,35,2023-06-26,mensile,30,2025-05-29,1.34,24,0
CUST0617,M,50,2024-07-07,annuale,280,2025-05-03,1.64,50,0
CUST0618,M,48,2024-11-05,mensile,30,2025-05-25,1.14,28,0
CUST0619,M,52,2023-09-21,mensile,30,2025-06-14,2.97,8,0
CUST0620,M,23,2024-01-08,trimestrale,80,2025-06-10,2.2,12,0
CUST0621,M,51,2024-10-30,trimestrale,80,2025-06-04,1.37,18,0
CUST0622,M,42,2024-10-22,trimestrale,80,2025-06-08,2.53,14,0
CUST0623,F,49,2025-04-03,mensile,30,2025-05-07,1.87,46,1
CUST0624,F,45,2024-11-07,trimestrale,80,2025-06-10,2.86,12,0
CUST0625,M,49,2024-01-25,annuale,280,2025-06-12,2.27,10,0
CUST0626,F,19,2024-01-29,annuale,280,2025-05-16,1.35,37,0
CUST0627,M,19,2024-06-12,trimestrale,80,2025-06-12,3.25,10,0
CUST0628,F,48,2023-08-16,mensile,30,2025-06-08,2.19,14,0
CUST0629,M,33,2024-11-06,mensile,30,2025-06-07,2.35,15,0
CUST0630,F,50,2025-04-11,trimestrale,80,2025-05-05,0.12,48,1
CUST0631,F,54,2025-04-16,mensile,30,2025-03-18,0.69,96,1
CUST0632,F,46,2024-06-08,mensile,30,2025-03-18,0.79,96,1
CUST0633,F,54,2024-07-31,mensile,30,2025-05-04,1.8,49,1
CUST0634,M,24,2024-12-04,trimestrale,80,2025-06-09,2.3,13,0
CUST0635,M,22,2024-07-07,annuale,280,2025-03-15,0.15,99,1
CUST0636,M,19,2024-09-04,mensile,30,2025-05-12,2.46,41,1
CUST0637,M,38,2024-08-12,mensile,30,2025-06-13,2.31,9,0
CUST0638,F,40,2024-12-08,mensile,30,2025-04-30,0.43,53,1
CUST0639,F,43,2024-05-15,trimestrale,80,2025-03-17,0.81,97,1
CUST0640,F,35,2025-03-17,mensile,30,2025-06-18,2.49,4,0
CUST0641,F,52,2024-03-07,trimestrale,80,2025-05-28,1.91,25,0
CUST0642,F,38,2024-06-16,annuale,280,2025-05-13,2.01,40,1
CUST0643,M,52,2024-08-23,trimestrale,80,2025-06-14,1.88,8,0
CUST0644,F,46,2024-03-10,annuale,280,2025-06-03,2.35,19,0
CUST0645,F,59,2024-02-02,mensile,30,2025-06-10,3.01,12,0
CUST0646,F,58,2025-03-08,trimestrale,80,2025-03-06,0.3,108,1
CUST0647,M,18,2025-02-24,mensile,30,2025-05-07,0.81,46,1
CUST0648,M,46,2025-01-27,trimestrale,80,2025-04-29,0.47,54,1
CUST0649,M,57,2024-03-18,mensile,30,2025-04-18,0.55,65,1
CUST0650,F,45,2025-03-16,mensile,30,2025-06-12,1.28,10,0
CUST0651,M,39,2023-08-28,mensile,30,2025-06-15,2.45,7,0
CUST0652,F,32,2024-08-19,trimestrale,80,2025-04-22,0.51,61,1
CUST0653,M,36,2025-04-14,annuale,280,2025-03-01,0.27,113,1
CUST0654,M,49,2024-12-01,mensile,30,2025-03-26,1.1,88,1
CUST0655,F,30,2024-08-12,mensile,30,2025-02-26,0.54,116,1
CUST0656,F,40,2024-02-27,annuale,280,2025-03-27,0.83,87,1
CUST0657,M,52,2025-02-12,mensile,30,2025-05-15,1.9,38,1
CUST0658,M,34,2023-10-13,trimestrale,80,2025-06-18,1.28,4,0
CUST0659,F,48,2023-09-30,annuale,280,2025-05-03,1.63,50,0
CUST0660,F,28,2024-07-06,trimestrale,80,2025-05-24,0.75,29,0
CUST0661,M,22,2023-12-09,trimestrale,80,2025-06-15,1.61,7,0
CUST0662,M,27,2024-10-01,trimestrale,80,2025-05-01,1.52,52,1
CUST0663,F,34,2024-09-28,mensile,30,2025-06-15,2.08,7,0
CUST0664,F,57,2025-03-01,annuale,280,2025-06-14,1.87,8,0
CUST0665,F,53,2024-05-09,trimestrale,80,2025-06-19,2.25,3,0
CUST0666,M,31,2023-08-21,mensile,30,2025-06-14,2.73,8,0
CUST0667,F,27,2023-07-31,mensile,30,2025-04-18,1.15,65,1
CUST0668,F,53,2025-01-23,mensile,30,2025-05-27,0.79,26,0
CUST0669,M,30,2024-04-20,mensile,30,2025-05-07,1.45,46,0
CUST0670,M,48,2023-08-01,trimestrale,80,2025-05-23,1.88,30,0
CUST0671,M,28,2024-07-26,annuale,280,2025-06-13,3.04,9,0
CUST0672,F,32,2024-04-07,mensile,30,2025-06-06,1.98,16,0
CUST0673,F,42,2024-07-11,mensile,30,2025-06-05,1.52,17,0
CUST0674,F,39,2023-07-26,mensile,30,2025-05-09,1.65,44,0
CUST0675,F,63,2024-12-31,annuale,280,2025-05-18,1.86,35,0
CUST0676,M,52,2025-02-08,trimestrale,80,2025-06-16,2.92,6,0
CUST0677,M,38,2024-06-08,trimestrale,80,2025-05-31,0.93,22,0
CUST0678,M,63,2023-10-24,mensile,30,2025-06-15,1.85,7,0
CUST0679,M,49,2024-12-25,mensile,30,2025-06-12,2.62,10,0
CUST0680,F,39,2024-11-23,mensile,30,2025-06-12,2.65,10,0
CUST0681,F,30,2024-05-28,mensile,30,2025-05-21,0.3,32,0
CUST0682,M,19,2024-12-08,mensile,30,2025-05-10,1.08,43,0
CUST0683,F,48,2023-06-26,mensile,30,2025-06-08,2.64,14,0
CUST0684,F,40,2025-04-10,mensile,30,2025-05-15,0.82,38,0
CUST0685,M,54,2024-01-20,mensile,30,2025-03-09,0.0,105,1
CUST0686,M,50,2024-10-21,mensile,30,2025-06-05,1.9,17,0
CUST0687,F,46,2023-08-20,mensile,30,2025-06-16,1.62,6,0
CUST0688,F,61,2023-08-02,annuale,280,2025-05-14,1.06,39,1
CUST0689,F,59,2025-02-11,annuale,280,2025-06-07,2.74,15,0
CUST0690,M,25,2025-01-20,annuale,280,2025-06-22,2.77,0,0
CUST0691,M,21,2024-07-08,trimestrale,80,2025-06-15,2.67,7,0
CUST0692,F,52,2024-11-02,annuale,280,2025-05-07,1.74,46,0
CUST0693,M,42,2024-12-05,annuale,280,2025-05-29,2.07,24,0
CUST0694,F,38,2023-09-27,mensile,30,2025-06-09,1.9,13,0
CUST0695,F,58,2024-05-21,trimestrale,80,2025-06-07,2.72,15,0
CUST0696,F,30,2024-01-11,mensile,30,2025-05-30,1.41,23,0
CUST0697,F,43,2024-01-05,trimestrale,80,2025-06-11,2.51,11,0
CUST0698,F,34,2024-11-13,trimestrale,80,2025-04-25,0.75,58,1
CUST0699,F,37,2024-12-07,trimestrale,80,2025-05-28,2.06,25,0
CUST0700,M,33,2023-12-25,mensile,30,2025-05-08,2.01,45,0
CUST0701,M,54,2024-03-03,trimestrale,80,2025-06-04,1.24,18,0
CUST0702,F,64,2024-12-01,annuale,280,2025-05-05,0.68,48,1
CUST0703,F,52,2024-03-21,mensile,30,2025-06-18,2.67,4,0
CUST0704,M,55,2024-11-30,trimestrale,80,2025-06-15,2.3,7,0
CUST0705,M,62,2024-05-13,mensile,30,2025-05-19,1.21,34,0
CUST0706,M,34,2024-09-28,mensile,30,2025-06-01,3.05,21,0
CUST0707,F,41,2023-10-15,annuale,280,2025-06-18,2.35,4,0
CUST0708,M,33,2024-03-22,mensile,30,2025-06-03,3.53,19,0
CUST0709,M,51,2025-03-22,trimestrale,80,2025-06-05,3.1,17,0
CUST0710,M,36,2023-08-15,mensile,30,2025-06-04,2.09,18,0
CUST0711,F,39,2024-12-17,mensile,30,2025-05-15,1.5,38,0
CUST0712,M,62,2023-09-15,annuale,280,2025-05-27,1.99,26,0
CUST0713,M,48,2025-03-17,annuale,280,2025-05-03,2.17,50,1
CUST0714,M,36,2024-06-10,mensile,30,2025-04-24,1.2,59,0
CUST0715,F,50,2025-01-01,trimestrale,80,2025-06-05,2.06,17,0
CUST0716,F,45,2024-07-31,mensile,30,2025-06-08,1.99,14,0
CUST0717,M,21,2024-01-02,mensile,30,2025-05-19,2.8,34,0
CUST0718,M,64,2024-08-07,mensile,30,2025-06-08,3.07,14,0
CUST0719,M,28,2024-10-07,trimestrale,80,2025-04-30,1.29,53,1
CUST0720,F,26,2024-10-08,mensile,30,2025-05-13,0.62,40,0
CUST0721,F,27,2025-01-06,trimestrale,80,2025-06-05,2.67,17,0
CUST0722,F,20,2023-11-17,trimestrale,80,2025-05-26,2.0,27,0
CUST0723,F,62,2025-02-16,trimestrale,80,2025-06-17,3.34,5,0
CUST0724,F,34,2024-04-10,annuale,280,2025-03-19,0.81,95,1
CUST0725,M,46,2023-12-25,mensile,30,2025-05-02,1.36,51,0
CUST0726,F,37,2025-02-06,trimestrale,80,2025-06-06,2.85,16,0
CUST0727,F,53,2025-01-03,trimestrale,80,2025-06-02,1.43,20,0
CUST0728,F,43,2024-06-30,trimestrale,80,2025-06-19,2.55,3,0
CUST0729,M,53,2025-04-17,trimestrale,80,2025-06-02,1.6,20,0
CUST0730,F,58,2024-01-20,annuale,280,2025-06-09,2.0,13,0
CUST0731,F,48,2023-09-09,annuale,280,2025-05-19,1.71,34,0
CUST0732,F,41,2025-04-17,annuale,280,2025-06-19,2.02,3,0
CUST0733,F,31,2023-12-13,mensile,30,2025-05-29,0.83,24,0
CUST0734,F,33,2025-02-26,mensile,30,2025-05-23,1.29,30,0
CUST0735,M,30,2024-01-08,mensile,30,2025-06-17,3.28,5,0
CUST0736,F,61,2025-03-04,mensile,30,2025-06-14,2.24,8,0
CUST0737,F,37,2024-07-12,trimestrale,80,2025-06-05,2.49,17,0
CUST0738,M,60,2025-04-14,mensile,30,2025-06-19,3.04,3,0
CUST0739,F,23,2024-03-17,trimestrale,80,2025-05-24,0.99,29,0
CUST0740,F,35,2023-07-03,trimestrale,80,2025-05-07,1.67,46,1
CUST0741,M,32,2023-08-02,mensile,30,2025-06-07,2.54,15,0
CUST0742,F,24,2024-08-23,mensile,30,2025-04-18,0.47,65,1
CUST0743,M,31,2023-10-17,mensile,30,2025-03-13,0.32,101,1
CUST0744,M,54,2023-07-17,mensile,30,2025-03-12,0.25,102,1
CUST0745,F,36,2024-04-17,annuale,280,2025-05-14,1.93,39,1
CUST0746,M,38,2024-02-20,trimestrale,80,2025-06-11,2.1,11,0
CUST0747,M,21,2024-06-22,trimestrale,80,2025-02-27,0.41,115,1
CUST0748,M,39,2023-10-02,mensile,30,2025-05-06,0.79,47,1
CUST0749,F,51,2024-09-23,annuale,280,2025-06-12,2.53,10,0
CUST0750,M,58,2023-10-12,mensile,30,2025-04-30,1.77,53,1
CUST0751,M,23,2023-11-02,annuale,280,2025-06-09,3.41,13,0
CUST0752,M,23,2023-11-21,trimestrale,80,2025-03-05,0.17,109,1
CUST0753,M,39,2024-12-25,trimestrale,80,2025-06-07,2.39,15,0
CUST0754,F,19,2024-02-09,mensile,30,2025-02-24,0.0,118,1
CUST0755,F,56,2024-08-08,trimestrale,80,2025-05-17,0.79,36,0
CUST0756,M,29,2024-10-24,mensile,30,2025-06-08,3.2,14,0
CUST0757,F,27,2025-01-19,mensile,30,2025-05-04,1.54,49,0
CUST0758,M,49,2024-01-12,trimestrale,80,2025-06-01,1.59,21,0
CUST0759,F,21,2023-08-20,annuale,280,2025-05-17,2.25,36,1
CUST0760,F,32,2024-06-18,annuale,280,2025-06-15,2.32,7,0
CUST0761,F,58,2023-07-10,annuale,280,2025-06-15,2.76,7,0
CUST0762,M,45,2024-07-05,trimestrale,80,2025-06-06,2.94,16,0
CUST0763,F,50,2024-02-27,annuale,280,2025-06-13,2.46,9,0
CUST0764,M,52,2024-06-02,mensile,30,2025-06-02,0.94,20,0
CUST0765,M,60,2024-10-24,annuale,280,2025-06-04,1.44,18,0
CUST0766,F,22,2024-08-23,mensile,30,2025-06-04,2.24,18,0
CUST0767,M,25,2025-04-01,annuale,280,2025-04-15,0.35,68,1
CUST0768,F,45,2024-08-08,mensile,30,2025-03-29,1.06,85,1
CUST0769,F,26,2024-01-22,mensile,30,2025-03-23,0.82,91,1
CUST0770,M,32,2024-05-06,mensile,30,2025-06-07,2.52,15,0
CUST0771,M,37,2023-09-16,mensile,30,2025-02-28,0.79,114,1
CUST0772,M,29,2025-02-23,mensile,30,2025-06-06,2.08,16,0
CUST0773,M,20,2024-07-05,mensile,30,2025-06-05,2.29,17,0
CUST0774,M,60,2024-03-12,trimestrale,80,2025-06-15,3.77,7,0
CUST0775,M,25,2024-06-03,trimestrale,80,2025-06-18,2.59,4,0
CUST0776,F,49,2024-09-11,trimestrale,80,2025-03-22,0.44,92,1
CUST0777,M,23,2025-01-01,mensile,30,2025-06-09,1.92,13,0
CUST0778,M,36,2023-11-21,mensile,30,2025-05-07,1.74,46,0
CUST0779,F,33,2024-03-27,trimestrale,80,2025-06-22,2.23,0,0
CUST0780,M,62,2024-03-23,trimestrale,80,2025-05-18,0.85,35,1
CUST0781,M,45,2023-10-16,trimestrale,80,2025-06-17,3.09,5,0
CUST0782,F,48,2025-03-30,trimestrale,80,2025-06-18,3.09,4,0
CUST0783,M,42,2023-12-23,annuale,280,2025-05-19,3.31,34,1
CUST0784,M,51,2024-09-16,mensile,30,2025-06-18,2.74,4,0
CUST0785,M,23,2024-03-06,trimestrale,80,2025-06-04,2.38,18,0
CUST0786,F,61,2023-09-10,mensile,30,2025-06-12,2.64,10,0
CUST0787,F,26,2024-09-25,trimestrale,80,2025-06-21,2.87,1,0
CUST0788,F,39,2025-03-06,trimestrale,80,2025-06-20,2.53,2,0
CUST0789,F,38,2024-03-18,mensile,30,2025-05-11,2.23,42,1
CUST0790,F,43,2024-08-07,mensile,30,2025-06-22,2.22,0,0
CUST0791,M,58,2025-01-18,mensile,30,2025-06-04,2.29,18,0
CUST0792,F,64,2025-02-27,trimestrale,80,2025-06-05,2.88,17,0
CUST0793,M,39,2024-08-16,annuale,280,2025-06-06,3.13,16,0
CUST0794,M,22,2024-01-05,mensile,30,2025-04-28,0.36,55,1
CUST0795,F,50,2025-01-28,mensile,30,2025-04-23,0.7,60,1
CUST0796,F,51,2024-04-25,annuale,280,2025-06-06,0.85,16,0
CUST0797,M,37,2024-09-23,mensile,30,2025-06-22,2.75,0,0
CUST0798,M,25,2024-10-17,annuale,280,2025-06-20,2.56,2,0
CUST0799,F,55,2025-02-15,trimestrale,80,2025-06-08,3.47,14,0
CUST0800,F,38,2025-04-16,mensile,30,2025-05-04,1.15,49,0
CUST0801,M,31,2024-12-10,mensile,30,2025-05-03,2.51,50,0
CUST0802,M,29,2023-11-08,annuale,280,2025-05-22,2.01,31,0
CUST0803,M,30,2025-04-17,mensile,30,2025-06-08,2.83,14,0
CUST0804,M,35,2025-01-27,mensile,30,2025-06-04,2.64,18,0
CUST0805,F,40,2023-11-01,mensile,30,2025-06-21,2.83,1,0
CUST0806,M,63,2025-03-24,mensile,30,2025-05-01,1.1,52,1
CUST0807,M,52,2024-05-02,mensile,30,2025-05-20,0.58,33,0
CUST0808,F,47,2024-10-29,annuale,280,2025-06-09,2.31,13,0
CUST0809,F,57,2025-03-09,mensile,30,2025-05-15,1.49,38,0
CUST0810,F,31,2023-12-05,trimestrale,80,2025-05-13,1.88,40,0
CUST0811,F,45,2024-04-15,annuale,280,2025-03-25,0.77,89,1
CUST0812,M,24,2024-11-26,mensile,30,2025-06-09,2.03,13,0
CUST0813,M,36,2023-07-30,mensile,30,2025-03-23,0.83,91,1
CUST0814,M,31,2024-09-05,mensile,30,2025-05-01,0.31,52,0
CUST0815,F,31,2023-10-29,trimestrale,80,2025-06-12,2.76,10,0
CUST0816,M,52,2024-09-28,mensile,30,2025-03-11,0.7,103,1
CUST0817,M,21,2024-10-11,annuale,280,2025-05-11,2.57,42,0
CUST0818,F,25,2023-06-26,mensile,30,2025-06-21,2.98,1,0
CUST0819,M,58,2024-12-02,trimestrale,80,2025-06-07,3.36,15,0
CUST0820,F,46,2024-10-04,mensile,30,2025-03-08,0.52,106,1
CUST0821,F,22,2023-09-05,mensile,30,2025-06-07,3.08,15,0
CUST0822,F,37,2024-04-06,mensile,30,2025-06-18,2.04,4,0
CUST0823,M,26,2024-08-31,mensile,30,2025-05-30,1.67,23,0
CUST0824,F,21,2024-05-12,mensile,30,2025-04-04,0.7,79,1
CUST0825,F,64,2024-01-08,trimestrale,80,2025-06-15,3.84,7,0
CUST0826,M,29,2025-03-02,trimestrale,80,2025-06-11,1.94,11,0
CUST0827,M,36,2025-01-20,mensile,30,2025-06-03,2.45,19,0
CUST0828,M,46,2024-05-21,mensile,30,2025-05-17,2.63,36,0
CUST0829,M,37,2025-01-05,trimestrale,80,2025-06-04,3.16,18,0
CUST0830,M,21,2024-06-05,mensile,30,2025-06-01,1.25,21,0
CUST0831,F,29,2023-08-24,trimestrale,80,2025-06-10,2.25,12,0
CUST0832,M,20,2023-10-15,annuale,280,2025-05-17,0.87,36,0
CUST0833,F,44,2024-03-19,mensile,30,2025-04-28,0.85,55,0
CUST0834,F,18,2023-06-22,annuale,280,2025-06-15,2.19,7,0
CUST0835,M,42,2024-10-29,trimestrale,80,2025-04-22,0.56,61,1
CUST0836,M,29,2023-11-07,annuale,280,2025-06-17,2.39,5,0
CUST0837,F,57,2024-11-18,mensile,30,2025-05-25,0.05,28,0
CUST0838,M,52,2024-04-07,trimestrale,80,2025-04-24,3.24,59,0
CUST0839,M,55,2024-03-24,mensile,30,2025-05-31,1.01,22,0
CUST0840,F,60,2025-02-21,annuale,280,2025-06-03,2.35,19,0
CUST0841,F,38,2023-10-24,trimestrale,80,2025-03-21,0.27,93,1
CUST0842,F,59,2024-06-08,mensile,30,2025-04-26,1.09,57,0
CUST0843,M,34,2025-02-09,trimestrale,80,2025-04-18,0.76,65,1
CUST0844,M,56,2025-01-12,mensile,30,2025-04-28,1.46,55,0
CUST0845,M,63,2025-02-25,trimestrale,80,2025-06-10,2.2,12,0
CUST0846,M,18,2024-11-07,mensile,30,2025-03-30,0.0,84,1
CUST0847,M,25,2023-09-17,mensile,30,2025-06-10,1.71,12,0
CUST0848,F,29,2024-01-01,annuale,280,2025-03-09,0.78,105,1
CUST0849,M,56,2025-01-04,mensile,30,2025-05-11,1.12,42,1
CUST0850,M,22,2023-08-20,annuale,280,2025-06-15,2.91,7,0
CUST0851,M,64,2024-08-21,trimestrale,80,2025-06-03,2.77,19,0
CUST0852,M,35,2023-08-27,mensile,30,2025-06-05,2.37,17,0
CUST0853,F,53,2025-03-04,trimestrale,80,2025-06-05,2.05,17,0
CUST0854,M,54,2025-04-03,mensile,30,2025-05-20,2.29,33,1
CUST0855,M,50,2024-10-30,mensile,30,2025-06-11,3.6,11,0
CUST0856,M,32,2023-06-22,mensile,30,2025-04-28,1.62,55,1
CUST0857,M,58,2025-02-24,trimestrale,80,2025-06-13,2.72,9,0
CUST0858,M,19,2024-08-01,mensile,30,2025-06-04,2.45,18,0
CUST0859,F,35,2023-10-26,annuale,280,2025-06-04,2.51,18,0
CUST0860,F,26,2025-02-17,mensile,30,2025-06-16,2.69,6,0
CUST0861,M,44,2024-02-08,mensile,30,2025-05-07,0.69,46,1
CUST0862,F,46,2024-12-11,mensile,30,2025-05-01,1.89,52,0
CUST0863,F,29,2024-07-20,mensile,30,2025-06-20,2.96,2,0
CUST0864,F,60,2024-08-09,mensile,30,2025-06-22,2.41,0,0
CUST0865,M,54,2025-03-25,trimestrale,80,2025-06-06,2.12,16,0
CUST0866,F,48,2024-05-28,mensile,30,2025-06-17,2.74,5,0
CUST0867,M,35,2024-04-03,mensile,30,2025-06-19,2.92,3,0
CUST0868,M,52,2025-04-09,trimestrale,80,2025-04-24,0.84,59,1
CUST0869,F,47,2023-11-15,trimestrale,80,2025-04-25,0.73,58,0
CUST0870,F,51,2024-08-08,mensile,30,2025-05-07,1.7,46,0
CUST0871,F,32,2024-11-18,mensile,30,2025-06-14,2.63,8,0
CUST0872,M,40,2023-12-08,mensile,30,2025-06-15,2.36,7,0
CUST0873,F,50,2025-02-05,mensile,30,2025-04-15,0.48,68,1
CUST0874,F,56,2024-02-01,trimestrale,80,2025-04-05,0.42,78,1
CUST0875,M,21,2023-12-25,mensile,30,2025-04-02,0.14,81,1
CUST0876,F,18,2024-01-02,trimestrale,80,2025-06-07,1.39,15,0
CUST0877,M,27,2024-01-01,trimestrale,80,2025-05-21,1.8,32,1
CUST0878,M,45,2023-09-04,mensile,30,2025-06-20,2.22,2,0
CUST0879,F,28,2024-10-20,annuale,280,2025-05-01,1.35,52,0
CUST0880,M,22,2024-11-15,trimestrale,80,2025-05-31,0.64,22,0
CUST0881,F,29,2023-12-29,trimestrale,80,2025-03-05,0.32,109,1
CUST0882,M,48,2025-02-14,mensile,30,2025-06-19,1.94,3,0
CUST0883,M,43,2025-04-14,mensile,30,2025-06-09,2.55,13,0
CUST0884,F,60,2023-12-30,annuale,280,2025-06-13,1.7,9,0
CUST0885,M,32,2023-07-12,mensile,30,2025-06-13,2.05,9,0
CUST0886,F,54,2024-09-14,mensile,30,2025-06-18,2.45,4,0
CUST0887,M,40,2023-08-16,trimestrale,80,2025-06-17,2.61,5,0
CUST0888,F,21,2024-11-09,annuale,280,2025-04-21,0.04,62,1
CUST0889,F,39,2024-05-22,trimestrale,80,2025-06-19,1.76,3,0
CUST0890,F,22,2024-03-18,mensile,30,2025-06-18,3.82,4,0
CUST0891,F,62,2023-10-17,trimestrale,80,2025-06-04,1.6,18,0
CUST0892,F,20,2024-02-02,mensile,30,2025-03-28,0.66,86,1
CUST0893,F,38,2024-08-14,mensile,30,2025-03-24,0.75,90,1
CUST0894,M,61,2023-12-13,mensile,30,2025-05-18,1.54,35,1
CUST0895,M,18,2024-05-15,trimestrale,80,2025-06-20,2.75,2,0
CUST0896,F,30,2024-06-18,annuale,280,2025-04-28,0.69,55,1
CUST0897,M,52,2024-01-31,mensile,30,2025-05-21,1.04,32,0
CUST0898,M,57,2023-07-15,trimestrale,80,2025-04-15,0.13,68,1
CUST0899,F,38,2024-05-22,mensile,30,2025-06-15,2.75,7,0
CUST0900,M,45,2023-08-25,mensile,30,2025-06-03,3.35,19,0
CUST0901,M,36,2025-02-07,annuale,280,2025-05-12,0.45,41,1
CUST0902,F,51,2024-08-14,mensile,30,2025-05-28,1.08,25,0
CUST0903,M,38,2023-11-02,mensile,30,2025-06-12,1.45,10,0
CUST0904,M,56,2024-11-10,mensile,30,2025-05-11,1.61,42,0
CUST0905,M,58,2024-11-14,annuale,280,2025-06-09,2.3,13,0
CUST0906,F,29,2024-06-03,mensile,30,2025-06-17,2.44,5,0
CUST0907,F,61,2024-05-08,trimestrale,80,2025-06-11,1.91,11,0
CUST0908,M,49,2024-04-15,mensile,30,2025-06-02,0.26,20,0
CUST0909,F,55,2023-10-20,mensile,30,2025-02-23,0.88,119,1
CUST0910,M,50,2024-02-04,mensile,30,2025-06-08,2.87,14,0
CUST0911,F,34,2024-02-21,mensile,30,2025-06-04,2.59,18,0
CUST0912,M,31,2025-04-15,mensile,30,2025-06-05,3.56,17,0
CUST0913,F,64,2024-05-27,trimestrale,80,2025-05-05,0.15,48,1
CUST0914,M,24,2024-01-14,trimestrale,80,2025-06-10,2.58,12,0
CUST0915,M,25,2024-09-05,mensile,30,2025-06-03,2.5,19,0
CUST0916,M,62,2023-11-04,mensile,30,2025-06-06,1.81,16,0
CUST0917,F,25,2025-04-10,trimestrale,80,2025-05-20,2.17,33,0
CUST0918,F,55,2024-09-30,trimestrale,80,2025-06-20,2.8,2,0
CUST0919,M,63,2024-12-07,mensile,30,2025-03-09,0.0,105,1
CUST0920,M,48,2024-07-05,mensile,30,2025-06-07,3.62,15,0
CUST0921,F,38,2025-02-11,mensile,30,2025-05-23,1.82,30,0
CUST0922,F,29,2023-12-26,annuale,280,2025-06-21,3.11,1,0
CUST0923,M,47,2023-07-08,mensile,30,2025-06-08,2.07,14,0
CUST0924,F,52,2023-08-04,annuale,280,2025-06-04,2.44,18,0
CUST0925,F,54,2024-12-17,mensile,30,2025-06-22,2.32,0,0
CUST0926,F,32,2024-01-24,mensile,30,2025-04-02,0.64,81,1
CUST0927,F,18,2024-08-01,mensile,30,2025-06-19,2.74,3,0
CUST0928,F,52,2025-04-07,trimestrale,80,2025-06-21,2.39,1,0
CUST0929,M,51,2023-08-01,mensile,30,2025-06-09,2.06,13,0
CUST0930,F,31,2024-05-18,annuale,280,2025-06-19,2.16,3,0
CUST0931,M,52,2023-06-28,annuale,280,2025-05-31,1.4,22,0
CUST0932,F,20,2024-04-30,trimestrale,80,2025-06-09,1.55,13,0
CUST0933,F,57,2023-11-26,mensile,30,2025-06-06,2.61,16,0
CUST0934,M,51,2024-11-28,trimestrale,80,2025-04-23,0.15,60,1
CUST0935,M,43,2025-01-22,mensile,30,2025-04-26,0.48,57,1
CUST0936,M,64,2023-10-19,annuale,280,2025-05-08,0.96,45,0
CUST0937,M,25,2023-10-28,mensile,30,2025-06-09,2.03,13,0
CUST0938,F,44,2024-03-04,mensile,30,2025-06-16,1.73,6,0
CUST0939,M,58,2024-02-04,annuale,280,2025-04-09,0.46,74,1
CUST0940,M,30,2023-07-13,mensile,30,2025-06-04,3.18,18,0
CUST0941,F,39,2023-12-10,annuale,280,2025-05-08,0.58,45,0
CUST0942,M,34,2024-03-30,trimestrale,80,2025-03-15,0.0,99,1
CUST0943,F,27,2024-03-04,mensile,30,2025-05-03,1.63,50,0
CUST0944,M,25,2023-08-20,annuale,280,2025-05-19,0.73,34,0
CUST0945,F,45,2023-07-08,annuale,280,2025-06-09,2.89,13,0
CUST0946,F,41,2024-01-20,mensile,30,2025-04-17,0.2,66,1
CUST0947,F,40,2024-11-06,mensile,30,2025-05-31,1.62,22,0
CUST0948,F,35,2024-07-13,mensile,30,2025-06-11,1.58,11,0
CUST0949,F,35,2024-06-24,trimestrale,80,2025-02-23,0.49,119,1
CUST0950,F,58,2023-12-07,annuale,280,2025-06-11,2.06,11,0
CUST0951,M,46,2025-01-04,mensile,30,2025-04-13,0.44,70,1
CUST0952,F,35,2025-04-18,mensile,30,2025-05-07,2.12,46,0
CUST0953,M,41,2023-12-18,annuale,280,2025-05-31,1.65,22,0
CUST0954,F,58,2023-08-20,trimestrale,80,2025-06-17,2.91,5,0
CUST0955,F,46,2024-01-25,trimestrale,80,2025-06-12,2.07,10,0
CUST0956,F,18,2023-08-31,mensile,30,2025-06-12,2.86,10,0
CUST0957,F,61,2024-03-06,trimestrale,80,2025-03-02,0.35,112,1
CUST0958,M,53,2024-12-11,trimestrale,80,2025-04-24,0.47,59,1
CUST0959,F,23,2024-05-17,trimestrale,80,2025-06-07,2.82,15,0
CUST0960,M,29,2024-10-20,mensile,30,2025-06-04,2.63,18,0
CUST0961,M,43,2024-04-23,annuale,280,2025-04-10,0.33,73,1
CUST0962,F,50,2025-01-15,mensile,30,2025-06-13,2.29,9,0
CUST0963,M,60,2023-08-29,mensile,30,2025-06-10,2.2,12,0
CUST0964,F,54,2024-04-23,trimestrale,80,2025-04-06,0.3,77,1
CUST0965,M,21,2023-07-27,mensile,30,2025-06-08,2.3,14,0
CUST0966,F,42,2023-11-09,mensile,30,2025-06-14,2.6,8,0
CUST0967,F,29,2024-01-17,mensile,30,2025-04-02,0.41,81,1
CUST0968,F,59,2024-10-29,trimestrale,80,2025-04-22,0.62,61,1
CUST0969,F,45,2024-02-02,mensile,30,2025-04-28,1.41,55,0
CUST0970,M,52,2023-12-14,annuale,280,2025-03-23,0.59,91,1
CUST0971,M,52,2025-03-21,mensile,30,2025-04-25,0.92,58,0
CUST0972,M,58,2023-09-04,mensile,30,2025-06-16,2.27,6,0
CUST0973,M,30,2025-03-16,trimestrale,80,2025-06-19,3.23,3,0
CUST0974,F,48,2024-01-20,trimestrale,80,2025-06-21,2.81,1,0
CUST0975,F,28,2024-07-13,mensile,30,2025-03-16,0.16,98,1
CUST0976,F,39,2025-04-08,mensile,30,2025-06-22,2.82,0,0
CUST0977,F,62,2025-04-10,trimestrale,80,2025-06-21,2.88,1,0
CUST0978,F,26,2024-12-20,trimestrale,80,2025-05-01,0.88,52,1
CUST0979,F,45,2024-11-16,trimestrale,80,2025-06-17,2.91,5,0
CUST0980,F,61,2025-04-04,mensile,30,2025-04-25,2.58,58,0
CUST0981,F,18,2023-07-17,trimestrale,80,2025-06-19,2.12,3,0
CUST0982,F,38,2024-09-14,trimestrale,80,2025-04-26,0.0,57,1
CUST0983,F,27,2024-03-23,mensile,30,2025-03-24,0.54,90,1
CUST0984,M,30,2023-10-25,annuale,280,2025-05-02,1.62,51,1
CUST0985,F,52,2023-12-15,trimestrale,80,2025-04-14,0.52,69,1
CUST0986,M,20,2023-10-17,trimestrale,80,2025-05-01,3.19,52,1
CUST0987,F,41,2024-08-31,mensile,30,2025-06-12,2.89,10,0
CUST0988,M,42,2024-07-03,mensile,30,2025-05-03,1.42,50,1
CUST0989,F,18,2024-11-11,annuale,280,2025-05-19,1.16,34,1
CUST0990,M,45,2024-10-26,annuale,280,2025-05-23,1.58,30,0
CUST0991,M,29,2023-11-05,mensile,30,2025-06-13,3.27,9,0
CUST0992,M,64,2024-05-15,annuale,280,2025-05-09,0.71,44,1
CUST0993,M,24,2024-03-12,mensile,30,2025-05-07,1.17,46,1
CUST0994,F,49,2023-12-25,mensile,30,2025-06-22,2.08,0,0
CUST0995,F,29,2023-06-25,annuale,280,2025-05-23,2.01,30,0
CUST0996,M,33,2024-09-20,mensile,30,2025-03-27,0.68,87,1
CUST0997,M,53,2023-08-04,annuale,280,2025-06-08,3.5,14,0
CUST0998,F,26,2024-03-23,mensile,30,2025-06-12,2.69,10,0
CUST0999,M,25,2024-06-09,mensile,30,2025-03-25,0.85,89,1
